{"episode": 149, "train loss": 256.6050109863281, "train score": -2.9999999999999942, "epsilon": 0.8978891666666667, "alpha": 0.8003000000000087, "beta": 0.20119999999999288, "_timestamp": 1710238932.5944476, "_runtime": 77.31044149398804, "_step": 164, "test-score": -12.999999999999991, "_wandb": {"runtime": 77}}