{"episode": 920, "train loss": 503.5379638671875, "train score": -12.999999999999961, "epsilon": 0.8869666666666667, "alpha": 0.40552600000000555, "beta": 0.40552600000000555, "_timestamp": 1710297061.8825843, "_runtime": 396.43403244018555, "_step": 1012, "test-score": -1.9999999999999662, "_wandb": {"runtime": 395}}