{"episode": 888, "train loss": 642.3257446289062, "train score": 16.200000000000035, "epsilon": 0.7889, "alpha": 0.40888999999976217, "beta": 0.40888999999976217, "_timestamp": 1710575414.5215683, "_runtime": 1505.5000302791595, "_step": 976, "test-score": 28.000000000000767}