{"episode": 693, "train loss": 87.36871337890625, "train score": 16.860000000000017, "epsilon": 0.8901825, "alpha": 0.8013879999998859, "beta": 0.20555200000000556, "_timestamp": 1710240037.5644243, "_runtime": 180.35412335395813, "_step": 762, "test-score": 8.000000000000007, "_wandb": {"runtime": 179}}