{"episode": 718, "train loss": 380.7579345703125, "train score": 16.00000000000004, "epsilon": 0.8898283333333333, "alpha": 0.40431400000000434, "beta": 0.40431400000000434, "_timestamp": 1710295369.2314894, "_runtime": 303.6039743423462, "_step": 789, "test-score": 8.00000000000001, "_wandb": {"runtime": 302}}