{"value_loss": 0.0008494006198210021, "policy_loss": -0.005412039234458158, "dist_entropy": 1.0301307519276937, "actor_grad_norm": 0.7637069821357727, "critic_grad_norm": 0.0033479563426226377, "ratio": 0.9967866539955139, "test_score": -2.000000000000001, "episode_rewards": -1.999999761581421, "_timestamp": 1710933830.5376496, "_runtime": 308.3314037322998, "_step": 1190, "_wandb": {"runtime": 307}}