{"episode": 8, "train loss": 20.17784309387207, "train score": -11.999999999999975, "epsilon": 0.7996000000000001, "alpha": 0.4003600000000004, "beta": 0.4003600000000004, "_timestamp": 1710764385.2221699, "_runtime": 11.672688961029053, "_step": 8, "_wandb": {"runtime": 11}}