{"episode": 254, "train loss": 862880661504.0, "train score": 16.620000000000026, "epsilon": 0.8964016666666667, "alpha": 0.8005100000000147, "beta": 0.2020399999999879, "_timestamp": 1710234715.7956958, "_runtime": 137.98220872879028, "_step": 279, "test-score": -1.9999999999999662, "_wandb": {"runtime": 137}}