{"episode": 975, "train loss": 92.91989135742188, "train score": 6.000000000000025, "epsilon": 0.8861875, "alpha": 0.8019519999999478, "beta": 0.20780800000000782, "_timestamp": 1710241076.5304515, "_runtime": 152.38077855110168, "_step": 1072, "test-score": -1.9999999999999662, "_wandb": {"runtime": 151}}