{"episode": 128, "train loss": 64.47038269042969, "train score": -1.9999999999999716, "epsilon": 0.8981866666666667, "alpha": 0.8002580000000075, "beta": 0.20103199999999388, "_timestamp": 1710240600.6944304, "_runtime": 76.41131234169006, "_step": 140, "test-score": -1.9999999999999662, "_wandb": {"runtime": 75}}