{"episode": 486, "train loss": 1065.7442626953125, "train score": -1.999999999999993, "epsilon": 0.893115, "alpha": 0.4029219999999759, "beta": 0.4029219999999759, "_timestamp": 1710294993.7687564, "_runtime": 433.59327936172485, "_step": 534, "test-score": -1.9999999999999662, "_wandb": {"runtime": 432}}