{"episode": 0, "train loss": 41.277069091796875, "train score": -2.0000000000000013, "epsilon": 0.8, "alpha": 0.40004000000000006, "beta": 0.40004000000000006, "_timestamp": 1710764575.3062851, "_runtime": 9.60426115989685, "_step": 0, "_wandb": {"runtime": 9}}