{"value_loss": 0.7714356780052185, "policy_loss": -0.0013631087817581526, "dist_entropy": 0.8534676432609558, "actor_grad_norm": 0.18286901712417603, "critic_grad_norm": 0.24985475838184357, "ratio": 1.014862298965454, "test_score": -20.00000000000001, "episode_rewards": 7.999992847442627, "_timestamp": 1710932072.2341588, "_runtime": 32.31163668632507, "_step": 109, "_wandb": {"runtime": 32}}