{"value_loss": 0.0013844070490449667, "policy_loss": 0.0030239122919738294, "dist_entropy": 1.1496341864267985, "actor_grad_norm": 0.2839905917644501, "critic_grad_norm": 0.022858278825879097, "ratio": 1.0026116371154785, "test_score": -2.000000000000001, "episode_rewards": -1.999999761581421, "_timestamp": 1710934406.1062841, "_runtime": 491.24947810173035, "_step": 1873}