{"episode": 211, "train loss": 1654.758544921875, "train score": -20.99999999999996, "epsilon": 0.8970108333333333, "alpha": 0.8004240000000122, "beta": 0.20169599999998994, "_timestamp": 1710221001.9149058, "_runtime": 106.4637098312378, "_step": 232, "test-score": -1.9999999999999662, "_wandb": {"runtime": 105}}