{"value_loss": 0.0029978245807190736, "policy_loss": -0.0070601570730408035, "dist_entropy": 0.630864950021108, "actor_grad_norm": 0.13143543899059296, "critic_grad_norm": 0.04847103729844093, "ratio": 0.9990138411521912, "test_score": -2.000000000000001, "episode_rewards": -1.999999761581421, "_timestamp": 1710933501.8607411, "_runtime": 112.22961616516113, "_step": 392, "_wandb": {"runtime": 111}}