{"episode": 7698, "train loss": 10.644760131835938, "train score": 8.480000000000032, "epsilon": 0.60755, "alpha": 0.5539799999986558, "beta": 0.5539799999986558, "_timestamp": 1710741741.064997, "_runtime": 2992.238623857498, "_step": 8467, "test-score": 17.000000000000163, "_wandb": {"runtime": 2992}}