{"episode": 253, "train loss": 592.0662841796875, "train score": -11.999999999999966, "epsilon": 0.8964158333333334, "alpha": 0.40152399999998745, "beta": 0.40152399999998745, "_timestamp": 1710295680.3805559, "_runtime": 257.65902495384216, "_step": 278, "test-score": -1.9999999999999662, "_wandb": {"runtime": 256}}