{"episode": 14999, "train loss": 2.1179120540618896, "train score": 8.000000000000043, "epsilon": 0.05005000000000004, "alpha": 1.0, "beta": 1.0, "_timestamp": 1710772419.8718808, "_runtime": 6232.674604654312, "_step": 16499, "test-score": 7.999999999999849, "test_loss": 87.15047758481461, "_wandb": {"runtime": 6232}}