{"episode": 402, "train loss": 931.2301025390625, "train score": -1.9600000000000004, "epsilon": 0.894305, "alpha": 0.40241800000006955, "beta": 0.40241800000006955, "_timestamp": 1710481430.9930952, "_runtime": 413.56717014312744, "_step": 442, "test-score": -11.999999999999886, "_wandb": {"runtime": 412}}