{"episode": 323, "train loss": 66.9736099243164, "train score": -2.9999999999999756, "epsilon": 0.8954241666666667, "alpha": 0.8006480000000187, "beta": 0.20259199999998462, "_timestamp": 1710240490.9953356, "_runtime": 106.70315265655518, "_step": 355, "test-score": -1.9999999999999662, "_wandb": {"runtime": 106}}