{"episode": 3508, "train loss": 586.8800659179688, "train score": -1.9999999999999694, "epsilon": 0.7671125000000001, "alpha": 0.42105400000060544, "beta": 0.42105400000060544, "_timestamp": 1710514889.977168, "_runtime": 3792.2022500038147, "_step": 3858, "test-score": 48.000000000001215, "_wandb": {"runtime": 3792}}