{"episode": 6420, "train loss": 38.032649993896484, "train score": 28.220000000000017, "epsilon": 0.71975, "alpha": 0.46420999999828205, "beta": 0.46420999999828205, "_timestamp": 1710575415.6751196, "_runtime": 6200.843206644058, "_step": 7062, "test-score": 18.000000000000234}