{"episode": 327, "train loss": 48.57314682006836, "train score": 7.00000000000003, "epsilon": 0.8953675, "alpha": 0.8006560000000189, "beta": 0.20262399999998443, "_timestamp": 1710242445.2417507, "_runtime": 173.65344381332397, "_step": 359, "test-score": 8.000000000000005, "_wandb": {"runtime": 173}}