{"episode": 1227, "train loss": 3289.522705078125, "train score": -2.9999999999999867, "epsilon": 0.8826175, "alpha": 0.4073680000000074, "beta": 0.4073680000000074, "_timestamp": 1710297579.7464273, "_runtime": 478.0599513053894, "_step": 1349, "test-score": -1.9999999999999662, "_wandb": {"runtime": 477}}