{"episode": 66, "train loss": 23.750221252441406, "train score": 7.00000000000003, "epsilon": 0.899065, "alpha": 0.4004020000000116, "beta": 0.4004020000000116, "_timestamp": 1710508900.657839, "_runtime": 174.27271103858948, "_step": 72, "test-score": 8.000000000000005, "_wandb": {"runtime": 173}}