{"episode": 1153, "train loss": 1259.2591552734375, "train score": 7.000000000000016, "epsilon": 0.8836658333333334, "alpha": 0.40692400000000695, "beta": 0.40692400000000695, "_timestamp": 1710299401.1787834, "_runtime": 460.54008650779724, "_step": 1268, "test-score": -1.9999999999999662, "_wandb": {"runtime": 459}}