{"episode": 273, "train loss": 67.54010009765625, "train score": -1.999999999999996, "epsilon": 0.8961325, "alpha": 0.8005480000000158, "beta": 0.202191999999987, "_timestamp": 1710240282.873803, "_runtime": 89.74556493759155, "_step": 300, "test-score": -1.9999999999999662, "_wandb": {"runtime": 89}}