{"episode": 12377, "train loss": 2.44358491897583, "train score": 28.000000000000043, "epsilon": 0.33586250000000006, "alpha": 0.7713399999969358, "beta": 0.7713399999969358, "_timestamp": 1710746255.183401, "_runtime": 4471.025798082352, "_step": 13614, "test-score": 7.999999999999849, "_wandb": {"runtime": 4470}}