{"episode": 4, "train loss": 29.384567260742188, "train score": 7.0000000000000355, "epsilon": 0.7998000000000001, "alpha": 0.4002000000000002, "beta": 0.4002000000000002, "_timestamp": 1710764604.7137218, "_runtime": 11.170875787734985, "_step": 4, "_wandb": {"runtime": 10}}