{"value_loss": 0.002426096750423312, "policy_loss": -0.01076603156204025, "dist_entropy": 0.44236283500989276, "actor_grad_norm": 0.15284588932991028, "critic_grad_norm": 0.05316918343305588, "ratio": 0.9872940182685852, "test_score": -2.000000000000001, "episode_rewards": -1.999999761581421, "_timestamp": 1710932208.0087807, "_runtime": 73.74476766586304, "_step": 269, "_wandb": {"runtime": 73}}