{"episode": 2, "train loss": 34.483116149902344, "train score": 7.000000000000028, "epsilon": 0.7999, "alpha": 0.40012000000000014, "beta": 0.40012000000000014, "_timestamp": 1710764981.8121972, "_runtime": 10.5347580909729, "_step": 2, "_wandb": {"runtime": 10}}