{"episode": 70, "train loss": 177428032.0, "train score": 7.080000000000006, "epsilon": 0.79934375, "alpha": 0.40042600000001227, "beta": 0.40042600000001227, "_timestamp": 1710511935.9522927, "_runtime": 756.5488345623016, "_step": 77, "test-score": -2.000000000000033, "_wandb": {"runtime": 756}}