{"value_loss": 0.3957482973734538, "policy_loss": -0.0497273842493693, "dist_entropy": 1.5378886302312216, "actor_grad_norm": 0.23228029906749725, "critic_grad_norm": 0.8489103317260742, "ratio": 0.9735596179962158, "test_score": -20.00000000000001, "episode_rewards": 8.999985694885254, "_timestamp": 1710932004.789091, "_runtime": 5.330831050872803, "_step": 9, "_wandb": {"runtime": 4}}