{"episode": 85, "train loss": 1083708.125, "train score": 0.060000000000006715, "epsilon": 0.8987958333333333, "alpha": 0.800172000000005, "beta": 0.20068799999999593, "_timestamp": 1710239317.1803756, "_runtime": 195.77382946014404, "_step": 93, "test-score": -1.9999999999999662, "_wandb": {"runtime": 195}}