{"episode": 14986, "train loss": 11.851000785827637, "train score": 9.300000000000036, "epsilon": 0.6126750000000001, "alpha": 0.5498699999987585, "beta": 0.5498699999987585, "_timestamp": 1710738717.9117615, "_runtime": 5492.9061415195465, "_step": 16484, "test-score": 7.999999999999849, "_wandb": {"runtime": 5492}}