{"episode": 133, "train loss": 8.419687271118164, "train score": 8.440000000000001, "epsilon": 0.7950125, "alpha": 0.4036545454545356, "beta": 0.4036545454545356, "_timestamp": 1710567571.0960476, "_runtime": 276.50966572761536, "_step": 146, "test-score": 7.999999999999849, "_wandb": {"runtime": 275}}