{"episode": 1200, "train loss": 493.0517578125, "train score": -1.999999999999969, "epsilon": 0.883, "alpha": 0.40720600000000723, "beta": 0.40720600000000723, "_timestamp": 1710298214.6915889, "_runtime": 508.2482957839966, "_step": 1320, "test-score": -1.9999999999999662, "_wandb": {"runtime": 507}}