{"episode": 6003, "train loss": 96.61625671386719, "train score": 28.36000000000001, "epsilon": 0.7249625000000001, "alpha": 0.4600399999983936, "beta": 0.4600399999983936, "_timestamp": 1710575414.6150677, "_runtime": 6298.5729768276215, "_step": 6603, "test-score": 28.000000000000767}