{"episode": 769, "train-score": -3.3140000000000542, "test-score": -1.9999999999999662, "epsilon": 0.8891058333333334, "alpha": 0.8015400000000443, "beta": 0.20615999999996343, "_timestamp": 1709872436.0456347, "_runtime": 232.6036376953125, "_step": 76, "_wandb": {"runtime": 233}}