{"episode": 144, "train loss": 67.74234008789062, "train score": -9.699999999999967, "epsilon": 0.89796, "alpha": 0.8002900000000084, "beta": 0.20115999999999312, "_timestamp": 1710242607.7276573, "_runtime": 69.31785941123962, "_step": 158, "test-score": -1.9999999999999662, "_wandb": {"runtime": 68}}