{"episode": 1058, "train loss": 158.2967071533203, "train score": 28.32000000000001, "epsilon": 0.8850116666666666, "alpha": 0.802118000000061, "beta": 0.2084719999999497, "_timestamp": 1710242234.733266, "_runtime": 472.8979091644287, "_step": 1163, "test-score": -12.999999999999991, "_wandb": {"runtime": 472}}