{"episode": 259, "train loss": 569895360.0, "train score": -1.9999999999999978, "epsilon": 0.8963308333333334, "alpha": 0.8005199999999573, "beta": 0.2020800000000021, "_timestamp": 1710239536.0462792, "_runtime": 112.023508310318, "_step": 285, "test-score": -1.9999999999999662, "_wandb": {"runtime": 111}}