{"episode": 94, "train loss": 25.436504364013672, "train score": -1.6799999999999722, "epsilon": 0.8986683333333334, "alpha": 0.4005700000000164, "beta": 0.4005700000000164, "_timestamp": 1710485151.4895153, "_runtime": 254.16602635383606, "_step": 103, "test-score": 48.00000000000061, "_wandb": {"runtime": 253}}