{"episode": 8348, "train loss": 9.209378242492676, "train score": 7.000000000000014, "epsilon": 0.6956500000000001, "alpha": 0.4834899999977662, "beta": 0.4834899999977662, "_timestamp": 1710575414.121211, "_runtime": 7783.232321977615, "_step": 9182, "test-score": 7.999999999999849}