{"episode": 111, "train loss": 69.8905258178711, "train score": -1.5600000000000014, "epsilon": 0.8984275, "alpha": 0.8002240000000065, "beta": 0.2008959999999947, "_timestamp": 1710240352.9522545, "_runtime": 51.28028345108032, "_step": 122, "test-score": -1.9999999999999662, "_wandb": {"runtime": 50}}