{"episode": 136, "train loss": 63.9576530456543, "train score": -11.999999999999961, "epsilon": 0.8980733333333334, "alpha": 0.8002740000000079, "beta": 0.2010959999999935, "_timestamp": 1710241366.5280206, "_runtime": 55.032981634140015, "_step": 149, "test-score": -1.9999999999999662, "_wandb": {"runtime": 54}}