{"value_loss": 0.11022387395302455, "policy_loss": -0.015925365996857486, "dist_entropy": 0.983309272925059, "actor_grad_norm": 0.15920202434062958, "critic_grad_norm": 0.242022305727005, "ratio": 0.9900736212730408, "test_score": 8.167078124898808e-15, "episode_rewards": -3.0000033378601074, "_timestamp": 1710929952.9220033, "_runtime": 13.753332376480103, "_step": 54, "_wandb": {"runtime": 13}}