{"episode": 229, "train-score": -2.0819999999999927, "test-score": -1.9999999999999662, "epsilon": 0.8967558333333333, "alpha": 0.8004600000000133, "beta": 0.20183999999998908, "_timestamp": 1709871889.6436355, "_runtime": 73.32775855064392, "_step": 22, "_wandb": {"runtime": 72}}