{"episode": 408, "train loss": 443.4384765625, "train score": 7.5600000000000165, "epsilon": 0.89422, "alpha": 0.4024539999999798, "beta": 0.4024539999999798, "_timestamp": 1710294365.0895736, "_runtime": 214.2353196144104, "_step": 448, "test-score": -1.9999999999999662, "_wandb": {"runtime": 213}}