{"episode": 8, "train loss": 17.968460083007812, "train score": 17.460000000000008, "epsilon": 0.7996000000000001, "alpha": 0.4003600000000004, "beta": 0.4003600000000004, "_timestamp": 1710764081.1393473, "_runtime": 77.78000140190125, "_step": 8, "_wandb": {"runtime": 73}}