{"episode": 1324, "train loss": 3192.590576171875, "train score": -10.999999999999957, "epsilon": 0.7834500000000001, "alpha": 0.407950000000008, "beta": 0.407950000000008, "_timestamp": 1710298871.253597, "_runtime": 502.46626591682434, "_step": 1456, "test-score": -1.9999999999999662, "_wandb": {"runtime": 501}}