{"episode": 3543, "train loss": 16.14310073852539, "train score": 18.00000000000002, "epsilon": 0.7667843750000001, "alpha": 0.4212640000006115, "beta": 0.4212640000006115, "_timestamp": 1710514887.4477808, "_runtime": 4292.26048874855, "_step": 3897, "test-score": 8.99999999999979, "_wandb": {"runtime": 4292}}