{"episode": 478, "train loss": 65.67617797851562, "train score": 17.82000000000002, "epsilon": 0.8932283333333334, "alpha": 0.8009579999999744, "beta": 0.20383200000000384, "_timestamp": 1710240888.7286692, "_runtime": 86.33827424049377, "_step": 525, "test-score": -1.9999999999999662, "_wandb": {"runtime": 85}}