{"episode": 461, "train loss": 105.56889343261719, "train score": 7.000000000000006, "epsilon": 0.8934691666666666, "alpha": 0.8009239999999753, "beta": 0.2036960000000037, "_timestamp": 1710241286.9677422, "_runtime": 79.89282631874084, "_step": 507, "test-score": -1.9999999999999662, "_wandb": {"runtime": 79}}