{"episode": 338, "train loss": 111.95645141601562, "train score": -9.139999999999976, "epsilon": 0.8952116666666667, "alpha": 0.8006779999999819, "beta": 0.20271200000000272, "_timestamp": 1710241191.302158, "_runtime": 69.94771218299866, "_step": 371, "test-score": -1.9999999999999662, "_wandb": {"runtime": 69}}