{"episode": 1076, "train loss": 91.88310241699219, "train score": 17.160000000000025, "epsilon": 0.7462000000000001, "alpha": 0.4430800000000431, "beta": 0.4430800000000431, "_timestamp": 1710766105.4674666, "_runtime": 530.3288877010345, "_step": 1183, "test-score": 59.640000000000235, "test_loss": 548.0231835108882, "_wandb": {"runtime": 529}}