{"episode": 1197, "train loss": 256.08099365234375, "train score": 7.7600000000000176, "epsilon": 0.8830425000000001, "alpha": 0.8023960000000689, "beta": 0.2095839999999431, "_timestamp": 1710241733.8741448, "_runtime": 332.2662527561188, "_step": 1316, "test-score": -11.999999999999886, "_wandb": {"runtime": 331}}