{"episode": 862, "train loss": 556.5293579101562, "train score": -10.999999999999975, "epsilon": 0.8877883333333334, "alpha": 0.4051780000000052, "beta": 0.4051780000000052, "_timestamp": 1710296636.0435987, "_runtime": 709.9421136379242, "_step": 948, "test-score": -1.9999999999999662, "_wandb": {"runtime": 708}}