{"episode": 8, "train loss": 20.17784309387207, "train score": -11.999999999999975, "epsilon": 0.7996000000000001, "alpha": 0.4003600000000004, "beta": 0.4003600000000004, "_timestamp": 1710764527.5112398, "_runtime": 11.654019832611084, "_step": 8, "_wandb": {"runtime": 11}}