{"episode": 428, "train loss": 71.64765930175781, "train score": 8.000000000000018, "epsilon": 0.8939366666666667, "alpha": 0.8008579999999771, "beta": 0.20343200000000344, "_timestamp": 1710240783.2076738, "_runtime": 77.46305179595947, "_step": 470, "test-score": -1.9999999999999662, "_wandb": {"runtime": 77}}