{"episode": 0, "train loss": 40.03179931640625, "train score": -8.999999999999982, "epsilon": 0.9, "alpha": 0.4000060000000002, "beta": 0.4000060000000002, "_timestamp": 1710508976.3056417, "_runtime": 22.134925603866577, "_step": 0, "_wandb": {"runtime": 22}}